{"properties": [
  {
    "name": "stock.api.key",
    "type": "java.lang.String",
    "description": "A description for 'stock.api.key'"
  },
  {
    "name": "platformPercentage",
    "type": "java.lang.String",
    "description": "A description for 'platformPercentage'"
  },
  {
    "name": "admin.password",
    "type": "java.lang.String",
    "description": "A description for 'admin.password'"
  },
  {
    "name": "admin.email",
    "type": "java.lang.String",
    "description": "A description for 'admin.email'"
  },
  {
    "name": "razor-pay.api.key",
    "type": "java.lang.String",
    "description": "A description for 'razor-pay.api.key'"
  },
  {
    "name": "razor-pay.api.secret",
    "type": "java.lang.String",
    "description": "A description for 'razor-pay.api.secret'"
  },
  {
    "name": "platformPercentage",
    "type": "java.lang.String",
    "description": "A description for 'platformPercentage'"
  }
]}